id;comentario;fecha;hora
1;alliance Licensed Plaza;2019-09-03T06:09:39;2019-09-03T20:42:19
2;GB Regional;2019-09-03T21:12:05;2019-09-03T22:36:18
3;SAS;2019-09-03T20:38:20;2019-09-03T04:42:34
4;Chips sky blue;2019-09-03T13:46:34;2019-09-03T00:29:26
5;Polarised navigate;2019-09-03T09:55:02;2019-09-03T11:34:00
6;bypass Games Customer-focused;2019-09-03T05:32:50;2019-09-03T06:10:32
7;connecting generate Music;2019-09-03T01:51:16;2019-09-03T11:55:46
8;Hungary Configurable;2019-09-03T16:12:20;2019-09-03T04:58:11
9;Chair Kentucky;2019-09-03T02:29:26;2019-09-03T17:35:34
10;internet solution;2019-09-03T19:47:35;2019-09-03T17:04:13
